{
  "project_info": {
    "project_number": "444041330162",
    "firebase_url": "https://project-app-builders-utm.firebaseio.com",
    "project_id": "project-app-builders-utm",
    "storage_bucket": "project-app-builders-utm.appspot.com"
  },
  "client": [
    {
      "client_info": {
        "mobilesdk_app_id": "1:444041330162:android:423a06f9c80f70f2c2ff6b",
        "android_client_info": {
          "package_name": "com.example.up_grade"
        }
      },
      "oauth_client": [
        {
          "client_id": "444041330162-pimnljinlcel5v5995pb3s70s64rgadg.apps.googleusercontent.com",
          "client_type": 1,
          "android_info": {
            "package_name": "com.example.up_grade",
            "certificate_hash": "132c0351e6c1a66f332674cf70e6af1cac0f2924"
          }
        },
        {
          "client_id": "444041330162-2408rqnkv81pjdfspce0g50iimq1qsvu.apps.googleusercontent.com",
          "client_type": 3
        }
      ],
      "api_key": [
        {
          "current_key": "AIzaSyAT4QnBrfTcE6ov667TM8Ae7q4xeFlvPv0"
        }
      ],
      "services": {
        "appinvite_service": {
          "other_platform_oauth_client": [
            {
              "client_id": "444041330162-2408rqnkv81pjdfspce0g50iimq1qsvu.apps.googleusercontent.com",
              "client_type": 3
            }
          ]
        }
      }
    }
  ],
  "configuration_version": "1"
}